{
    "cpu_name": "Intel(R) Core(TM) Ultra 9 285K",
    "Threads": 24,
    "raw_data": {
        "Set_A": {
            "lwords": {
                "time": 189.3726238409678,
                "stdev": 0.2873614753933297,
                "speedup": 1.0
            },
            "pwords_v1": {
                "time": 196.82776935895285,
                "stdev": 0.41611157174069346,
                "speedup": 0.9621235075606167
            },
            "pwords_v2": {
                "time": 63.06358027458191,
                "stdev": 0.6465478838696039,
                "speedup": 3.0028841213332664
            }
        },
        "Set_B": {
            "lwords": {
                "time": 190.07091347376505,
                "stdev": 0.6288508381862702,
                "speedup": 1.0
            },
            "pwords_v1": {
                "time": 230.72682642936707,
                "stdev": 1.4636582845030266,
                "speedup": 0.8237919985951521
            },
            "pwords_v2": {
                "time": 163.40963753064474,
                "stdev": 2.0688447362213025,
                "speedup": 1.1631560803023042
            }
        },
        "Set_C": {
            "lwords": {
                "time": 190.56883335113525,
                "stdev": 0.17610605122893166,
                "speedup": 1.0
            },
            "pwords_v1": {
                "time": 200.65352988243103,
                "stdev": 6.752927934132831,
                "speedup": 0.9497407469621656
            },
            "pwords_v2": {
                "time": 85.06285158793132,
                "stdev": 0.6470833274145453,
                "speedup": 2.240329706724446
            }
        }
    }
}