{
    "cpu_name": "AMD Ryzen 9 7940HS w/ Radeon 780M Graphics",
    "Threads": 16,
    "raw_data": {
        "Set_A": {
            "lwords": {
                "time": 355.541114171346,
                "stdev": 80.94812092888564,
                "speedup": 1.0
            },
            "pwords_v1": {
                "time": 295.7540669441223,
                "stdev": 76.94477117342473,
                "speedup": 1.2021512259999436
            },
            "pwords_v2": {
                "time": 106.90950059890747,
                "stdev": 0.8225776846477187,
                "speedup": 3.325626929127937
            }
        },
        "Set_B": {
            "lwords": {
                "time": 304.7364772160848,
                "stdev": 0.4550244101667745,
                "speedup": 1.0
            },
            "pwords_v1": {
                "time": 370.8965983390808,
                "stdev": 2.0378772432381917,
                "speedup": 0.8216211164532947
            },
            "pwords_v2": {
                "time": 238.34195955594382,
                "stdev": 139.10309371491883,
                "speedup": 1.2785683132917132
            }
        },
        "Set_C": {
            "lwords": {
                "time": 351.57050553957623,
                "stdev": 79.25057771693314,
                "speedup": 1.0
            },
            "pwords_v1": {
                "time": 297.25768852233887,
                "stdev": 78.50413894640762,
                "speedup": 1.1827129090831094
            },
            "pwords_v2": {
                "time": 139.8468453089396,
                "stdev": 5.757991224334595,
                "speedup": 2.513968082461295
            }
        }
    }
}