{
    "cpu_name": "AMD Ryzen 9 7940HS w/ Radeon 780M Graphics",
    "Threads": 16,
    "raw_data": {
        "Set_A": {
            "lwords": {
                "time": 443.97739911079407,
                "stdev": 142.85439742114644,
                "speedup": 1.0
            },
            "pwords_v1": {
                "time": 392.38841303189594,
                "stdev": 72.94175446069377,
                "speedup": 1.1314742850847246
            },
            "pwords_v2": {
                "time": 161.2397185166677,
                "stdev": 0.5737338994399466,
                "speedup": 2.753523779346583
            }
        },
        "Set_B": {
            "lwords": {
                "time": 414.369802236557,
                "stdev": 133.39053546447133,
                "speedup": 1.0
            },
            "pwords_v1": {
                "time": 623.5794625282288,
                "stdev": 40.44987297543405,
                "speedup": 0.6645020035723177
            },
            "pwords_v2": {
                "time": 677.2058501243591,
                "stdev": 89.78678345280349,
                "speedup": 0.6118816046265163
            }
        },
        "Set_C": {
            "lwords": {
                "time": 340.06768465042114,
                "stdev": 76.11763298132217,
                "speedup": 1.0
            },
            "pwords_v1": {
                "time": 455.78973420461017,
                "stdev": 49.13921983972462,
                "speedup": 0.7461065029116258
            },
            "pwords_v2": {
                "time": 275.1973750591278,
                "stdev": 29.73285494613998,
                "speedup": 1.2357228501084196
            }
        }
    }
}