{
    "cpu_name": "11th Gen Intel(R) Core(TM) i7-11800H @ 2.30GHz",
    "Threads": 16,
    "raw_data": {
        "Set_A": {
            "lwords": {
                "time": 315.631719271342,
                "stdev": 0.7225619858594095,
                "speedup": 1.0
            },
            "pwords_v1": {
                "time": 341.920526822408,
                "stdev": 4.489996071496453,
                "speedup": 0.9231142751347001
            },
            "pwords_v2": {
                "time": 119.87597878774007,
                "stdev": 2.2649736717250657,
                "speedup": 2.632985544420199
            }
        },
        "Set_B": {
            "lwords": {
                "time": 324.01069180170697,
                "stdev": 4.595033792317376,
                "speedup": 1.0
            },
            "pwords_v1": {
                "time": 365.85994871457416,
                "stdev": 3.9811674486259157,
                "speedup": 0.8856139977608866
            },
            "pwords_v2": {
                "time": 208.95111258824667,
                "stdev": 2.3718267935626627,
                "speedup": 1.550653106309099
            }
        },
        "Set_C": {
            "lwords": {
                "time": 321.6057303746541,
                "stdev": 3.3856023623885476,
                "speedup": 1.0
            },
            "pwords_v1": {
                "time": 332.6069540977478,
                "stdev": 5.1087701657082185,
                "speedup": 0.9669242522215558
            },
            "pwords_v2": {
                "time": 138.8881765206655,
                "stdev": 3.539536077998476,
                "speedup": 2.315573135390698
            }
        }
    }
}